"uuid","iuid","vrid"
"71cf1fc1-8ae7-e7b3-7161-57117ca8bded","b96d1bde-0731-47c9-9514-27d0ea932f7f","b96d1bde-0731-47c9-9514-27d0ea932f7f"
"e3775f62-3a23-9e2c-1cad-25c677e8fb5f","1e62d1b2-3541-4859-95e8-4c8cd0a2ffcc","1e62d1b2-3541-4859-95e8-4c8cd0a2ffcc"
,"bu4owqyfbh6173938548","257D9D005E297A8E814C09A6D08CF802"
"a63e7e29-8241-f292-e4bf-ea6f0923b905","D8841FCC-03E6-4069-90AA-CC9E206F84D6","D8841FCC-03E6-4069-90AA-CC9E206F84D6"
"8a666c0f-4f2c-fd48-f460-693d6f76065e","mfjkulk8w90579122254",
"1378a493-86d9-c5f8-4d91-83b86e8c5649","FEE8CDC5-2FC5-4477-AC79-2110A67B2D57","FEE8CDC5-2FC5-4477-AC79-2110A67B2D57"
,"gja9seayml8637937583","7AAAE47D3B44D2F306EABD9884E6E491"
"56e9524c-7fac-645c-3777-5d593ccb0b4c",,"B86D9AE8-2013-4D80-8DAC-B6260876B1A9"
,"867F8783-BA59-40D2-A0A9-F8DF6AC9123E","867F8783-BA59-40D2-A0A9-F8DF6AC9123E"
"a33cbf92-96d3-6614-e397-8ebd4ab03d70","7698D7BC-6B9B-4C41-939C-2AF747397594","7698D7BC-6B9B-4C41-939C-2AF747397594"
"6860987f-9e74-d77e-46c0-a4db090652ce","48n2pngomlw327124264","2501000A19FE1A5EE408042002BEF931"
,"p3f3v6r2jx0557188789","7F00000AD0E793602A0960AB02AAC444"
"1ecdf0ee-03d1-0127-16ae-43b12d1e0964","e9ccrl3tw6g459568314",
,"3ngmtv95gio378491684","A307D8977E4342712E54A2BAF4E6E6F1"
"6930a556-f42a-fa8b-6a11-17c65ac3885","ffc0bded-c421-4c93-8648-186043533cf5","ffc0bded-c421-4c93-8648-186043533cf5"
,"8F8574D3-B896-47F6-AD30-F83D0376C8C9","8F8574D3-B896-47F6-AD30-F83D0376C8C9"
"0a859e57-4d79-4b09-bdbd-cd0e95cdde3a","BEB3734C-8103-4E6F-98B0-E647E6449710","BEB3734C-8103-4E6F-98B0-E647E6449710"
,"dea0e3b9-0e49-4356-982e-d59967c31ac5","dea0e3b9-0e49-4356-982e-d59967c31ac5"
,"17cg7wr4c6f947959652","7500000A4D2BC55E852BB4A2023DA464"
"4d76397a-82ae-b2f3-3d79-3bba6b4ae9a2","AD6F0471-A4DB-4D90-96F5-77FD4094DB2C","AD6F0471-A4DB-4D90-96F5-77FD4094DB2C"
"553d2936-5b18-fa4a-1bb9-4753dfdd9754","CA380CA5-BEDE-463E-819C-F257BC16AB92","CA380CA5-BEDE-463E-819C-F257BC16AB92"
,"1iwgm5wmyvt577475773","CB01000A23CAAC601909200C0219C058"
"825ebdc8-3f63-dee7-9610-f0ec8315d46c","pzut6ojkbe4932468549","7500000A6BBF025ED70893A00200BB1A"
"E0B7DAE0-6AB2-406A-90CE-6535304EC141",,"2D45AC0E-F3FE-4110-A73F-AAB606D35263"
,"pi8wknh1cwg114193318","907007FEF14383881419AE86B8582BC4"
"a5fbbc94-3f63-cad9-46fd-1086fd9c9ad1","B9704473-A687-4F09-9BFC-B0384E4DF3CA","B9704473-A687-4F09-9BFC-B0384E4DF3CA"
,"1sat3dm1240837935744","CB01000ACB37A85E1909200C0263DB06"
,"1rgbh2bitdh518857119","7F00000ABC16365F2A0960AB025FCA54"
,"b4yg2qvyd20391656589","69C7E95E93488174D7D6B9B9B50E5835"
,"6flkwwfs5nw897628423","2501000A396F525E31696FBC0268CF16"
"ca4a0d3c-e394-518a-1faf-11b617fc3802",,"748DC5F4-FFBA-4925-A682-FB07598E655F"
"ecb4d4c6-e4e1-cb2b-4954-a21505c72327","6nfcpdoi0js731889612","7500000A41937C5DD308C27E02A24B29"
"3171b6ab-2d78-022d-9290-5f9078ac9519","ed5yb0lbiig861688565","7EF22409084E7F8A250000A0ABF1F63C"
"5e3a6b23-999a-8b1f-90b1-2502a0f68fcc","711b98b8-3eab-49bf-aa13-9802acb109a2","711b98b8-3eab-49bf-aa13-9802acb109a2"
"477f1a6f-4f8c-1458-7890-d6a0a0a6c397","jimc7a41tj0826983193",
"208326fc-fb47-6acf-80a5-167ec344c82a","3j5ce1yrgfk948888529",
"f41a1bda-66f5-6caf-ee6b-75c439205393","8907B5A3-E80D-4E47-93BB-F039000D5E9A","8907B5A3-E80D-4E47-93BB-F039000D5E9A"
,"oq46ose5gf0966146927","7500000A088F9A5DD308C27E02244243"
,"bcwgs1f5jf0997582296","CB01000AD86D1B5F1909200C02214645"
"679f1f87-645b-0d96-b6de-b5320aa6d3cc",,"804BC3DF-AC8F-42E2-AD8C-45290EAE2F0D"
"b00f96a8-622d-b351-00e9-9ac3087cd879",,"C74400AB-916D-4012-98EF-F2BA98943077"
,"8gl7y3e6588867236929","CB01000AF83B725F1909200C0202E576"
"9d16efd0-7257-2ae3-74fd-a20ad85a181d",,"3813163E-57B0-40F7-8357-F75F093261E6"
"e9c9386d-d731-9893-599b-e3ff0d1cd8d7","31e8bf5d-9251-49f2-9ca6-c9d83e387787","31e8bf5d-9251-49f2-9ca6-c9d83e387787"
,"E9AB7512-A0EB-4C56-A0C0-0968B352299C","E9AB7512-A0EB-4C56-A0C0-0968B352299C"
"3a594db6-b1d5-4351-501a-366fe2941b7f","30723ae2-3ae6-465a-9448-c9a11796ab86","30723ae2-3ae6-465a-9448-c9a11796ab86"
"35805123-eec5-0d66-da76-0719145892e7","nfu4adhs30g915925298","1C00000AAD8DDF5CC9083769028E3393"
"7047c486-b3df-1ca8-eaf1-be358826cd13","B598A99A-7DA2-4DBA-A3C8-2C0F9773D6F7","B598A99A-7DA2-4DBA-A3C8-2C0F9773D6F7"
"e19e63bd-cc9e-1ae8-7a4e-56daf870bf83","k1x2dorpjr0564628481",
"ab98bccc-9bd6-0d64-c3aa-6acf05880b95","FB66147E-E01F-44C0-8C23-EF033A4946D1","FB66147E-E01F-44C0-8C23-EF033A4946D1"
"a0ebfa0c-3fcb-27bf-4a56-4c1890f15f6a","bow8hg34p9g224136597","7E00000A11A96F5C8509351E023C8E2A"
"1de29f2e-f74c-a147-8d1d-65d00005639c",,"76B67FD2-BBCD-4A18-9AFD-96E4B15E9965"
,"DB626323-09D8-45BE-99A0-7B941EE613CC","DB626323-09D8-45BE-99A0-7B941EE613CC"
"7a6e1cc7-101a-f4ef-babc-5b9bd07b79fe","39323b09-6599-4ed2-97cf-ec5aae7d6643","39323b09-6599-4ed2-97cf-ec5aae7d6643"
"57505b3e-7afa-26bf-5d24-bd0a12b723c6",,"139E419F-1ED6-4602-9A66-57CDFB06A244"
"00962b66-dcee-80c4-6d01-2714bafa509b","ba4c64f7-2814-4d4b-ae28-5dabb866dbff","ba4c64f7-2814-4d4b-ae28-5dabb866dbff"
"c3d9f91b-cf8f-dca9-de26-eff923e1488f","38a3f1b5-b760-48a4-8f98-6af7eaa3dbcc","38a3f1b5-b760-48a4-8f98-6af7eaa3dbcc"
"df147a2a-a423-b8d3-cd43-3d64b27c91a","a0ade939-2b0b-4a32-bae2-6e32cce95510","a0ade939-2b0b-4a32-bae2-6e32cce95510"
,"D3E84C95-F923-4C5F-8DC9-8E6CC3EA5541","D3E84C95-F923-4C5F-8DC9-8E6CC3EA5541"
"7d8eecbe-23b6-cf30-68da-21539e5fde55","A667A03A-9D95-44B8-975F-38F5B7691DB5","A667A03A-9D95-44B8-975F-38F5B7691DB5"
"bb933834-1ca5-41dc-b858-f115244045b2","aabbc9dd-8f18-4c81-89e6-f8b18fe48d26","aabbc9dd-8f18-4c81-89e6-f8b18fe48d26"
,"3BF82AC2-227E-4D33-95EA-3DE99C0517A2","3BF82AC2-227E-4D33-95EA-3DE99C0517A2"
"49acdc04-4ca1-e59d-2591-845ad9f3e228","57B580A7-9C0D-4CC3-B055-CED5B413CE10","57B580A7-9C0D-4CC3-B055-CED5B413CE10"
"d434aad0-70b9-ef35-e4c2-cc1ee0c47f72","h5p266wusb0593566888","2501000A8FFEFA5DE4080420022C2214"
"ff93b6f6-8cfe-a863-5623-9f2d9a2e16",,"fd7a80cf-9cf5-4634-b550-76ceb5b7e2f6"
"9ddcf3de-82f3-8e57-abe0-29b77b466b93",,"B0494A0A-B08A-44FF-AC60-7DD67CCCE93E"
"af01a27d-6d2d-0432-5aef-f1c3d811d627","63d47d21-b15e-4e13-9696-9af465f5d396","63d47d21-b15e-4e13-9696-9af465f5d396"
,"bdu3d403ig9216398219","6DD3B8A8A74FC642B8F936987B69E500"
,"bmya4mtgs81324558558","5E01000A6219405D4245164302EF150F"
"02cc51d5-9f9d-1961-3175-c14d6135ab61","3c349830-53d4-4bd1-a677-1692941f8d56","3c349830-53d4-4bd1-a677-1692941f8d56"
,"2140711D-69B9-4037-B216-F8B04DD41A4B","2140711D-69B9-4037-B216-F8B04DD41A4B"
,"3CA13FF4-737A-44F0-A66F-A0A809151234","3CA13FF4-737A-44F0-A66F-A0A809151234"
"d5b3dc6e-40d3-f010-821d-823cab12d15e","tk5yna9eoj5847578239","2501000A7342595DF0089A4D02E8D509"
"82dd0b2b-3aa6-d8ab-fac1-52ab78a179da","7BB83142-CB18-4F39-B33C-C26DFEDCD40A","7BB83142-CB18-4F39-B33C-C26DFEDCD40A"
,"1qk28877mil226398889","C607CED69948563818A28FAED59DB4FE"
"52bbc617-a1d2-6529-b737-59de76102c0a","89r8zxevwn4143866967",
,"khmhyp2q0fg971833684","7B66010A6870455C7938641D02D03ABE"
"614004a0-7b0e-de7b-c81a-766ccb97e125",,"5348C9D3-FAC3-4723-90CB-C24867E523BE"
"ac072994-6dfc-d898-897e-27b68f0d5ad0","73iwcdbokv4965996449","7500000A41A2095D0809E9B1020BD539"
,"m8u8bu34cr0429787729","E77E9D139B4DE0F62C578B816828CA0F"
,"3yy85duzlak527657622","B2237C07A14245F6BFC52EBCC6BD9AE2"
"99f384a8-8987-389c-0226-9bd5ffb38979","f31d7666-23e5-49ca-95fa-39cacb7c261f","f31d7666-23e5-49ca-95fa-39cacb7c261f"
"444d28b9-1240-36bf-9f44-c44f6abb69b6",,"5dc8f3ac-7093-42ec-890f-528bae80c6a9"
"ba5a6842-3976-5828-4b87-9f8f2363e2cf","F2309348-5656-4711-9479-9F41C45CF7DA","F2309348-5656-4711-9479-9F41C45CF7DA"
"4bf6c72d-e98f-e306-0955-f2f8c02fd130","cd28288f-1b85-41cf-9552-53c3b996f160","cd28288f-1b85-41cf-9552-53c3b996f160"
,"A250D8DD-2265-4A0D-804D-D9FD5C69A118","A250D8DD-2265-4A0D-804D-D9FD5C69A118"
"85b3b44b-5119-e4e6-9dff-93207b795678","1sso2s6nchp718758452","7500000AAA7EA55DD308C27E022D4D4D"
"e17f84e5-e8d5-7606-b0d8-a8a8832697a4",,"6F898DAF-8307-4982-8893-02C855053FFC"
"29884358-0e2b-6d39-e172-e40613483e2f","ph44jcwgjx0721795665","1601000A73805C5E3655670D0249F31C"
"a660b6fb-4929-4e68-9e13-5995d894ade7","542aac9e-4077-4d6f-81ee-88681410d092","542aac9e-4077-4d6f-81ee-88681410d092"
"01240295-fb24-a073-0a02-d855bb5438a7","F25856D3-FD03-4F1F-9A40-ECE1297B6230","F25856D3-FD03-4F1F-9A40-ECE1297B6230"
"6fbd0798-4094-7a24-8df5-abff37959569","BB31DE68-A197-4BEB-84BB-85EE4961DC58","BB31DE68-A197-4BEB-84BB-85EE4961DC58"
"4bc1376d-5890-2250-fef1-77d3652567dd","1cfb8c38-d78a-4500-bc6e-5115f5d6f34b","1cfb8c38-d78a-4500-bc6e-5115f5d6f34b"
"68dd25a2-6a66-f360-d8dd-63e483e6bdea","m6tutfovn9g826622743",
"a59aedfe-8d4a-3d91-285a-d3da6cc34112",,"C7822CC2-E5E7-4AF2-9D4A-D29A62C6BA1D"
,"3F12BE3F-2688-4249-AA1F-0DF4BD105278","3F12BE3F-2688-4249-AA1F-0DF4BD105278"
"af34ef45-cdb4-8e3b-68b4-45c1022a040d","3df0f4d5-e6e7-4e6a-b9b7-98ce7b0ded2b","3df0f4d5-e6e7-4e6a-b9b7-98ce7b0ded2b"
,"1925280E-B989-4486-AB19-D957AF22FB16","1925280E-B989-4486-AB19-D957AF22FB16"
"3ca637e4-73d2-cbbd-f854-2405c7dd44e3",,"323CB9A0-4FE7-4EEA-82F8-C6E4CCA9A450"
,"9g0xj48t5hk234592968","9CBF0F005EB3FFB04D500993A2B90502"
